{"great": [0.5682557965917353, 0.17693766992299972, 0.1899364351254373, -0.2780914082047977, -0.8753156815199821, -0.14616440151329263, 0.2393909224973446, -0.3107029172057923, 0.6199832095634382, 0.16617984462002247], "cool": [0.5641256072125872, 0.13722982658305447, 0.2082364803517174, -0.2929695723456364, -0.8704480862547577, -0.18822962799771012, 0.24239616047158682, -0.29410091959922546, 0.6979644655991717, 0.2147529764765611], "brilliant": [0.5918855018013452, 0.10397786927770161, 0.1812540983279815, -0.3249417806914037, -0.8565376508947542, -0.17966721391513168, 0.26035098164719, -0.32893244657244936, 0.6604228461904655, 0.2415822562502479], "wonderful": [0.5336813277875314, 0.15884523607312173, 0.26518438053682514, -0.3438927762710059, -0.8491692008120084, -0.1861321742254195, 0.26724085300405026, -0.3180910305972476, 0.6581041757437852, 0.2004443498335109], "well": [0.5893339401809651, 0.17311813201184928, 0.2690965641747972, -0.3074019009829286, -0.850039005260469, -0.1887189699624791, 0.271011219033624, -0.30024215026449175, 0.5689872204434449, 0.15369399612858042], "amazing": [0.5902038867844642, 0.14902291975965967, 0.21315969705653706, -0.3142264603667906, -0.9096476218964349, -0.17471907820831536, 0.2744097761939361, -0.28780096142476286, 0.6262885326051714, 0.21474172972714706], "worth": [0.5130535106477784, 0.12034173054704309, 0.19587383631804142, -0.31643691396240425, -0.8606295772705055, -0.1510116288673398, 0.2211324171610086, -0.2697235895062946, 0.6690196658223422, 0.16036078186161504], "sweet": [0.5503643010832926, 0.17143189756236132, 0.19039362530118084, -0.32242095517316, -0.813836094464692, -0.18346270853248334, 0.23271938859805774, -0.2626053000415243, 0.6257203568118473, 0.2487194300767544], "enjoyable": [0.5738392051934844, 0.12461914284456149, 0.17510717277873974, -0.33024605280163605, -0.7874929465033427, -0.1706734911250473, 0.24587717337924975, -0.28375949976958226, 0.6546620471931931, 0.23489164232336915], "boring": [0.5240450095785572, 0.15703282247734573, 0.18486578812352433, -0.29901300482242454, -0.8831747584261093, -0.1811586527411475, 0.22235910278043794, -0.3175688226803136, 0.5988034434028018, 0.17092555144264812], "bad": [0.5360316771649712, 0.08934057914047369, 0.22010265910609378, -0.3095846861526975, -0.8809548868530364, -0.14538972298246, 0.21710437130796884, -0.238072510985457, 0.6330703998035975, 0.24369857228293249], "dumb": [0.5707119169157072, 0.13801450767761772, 0.26418549718718837, -0.2713492816853864, -0.809081954557359, -0.11288020342381062, 0.2872690197930902, -0.32041956749087286, 0.6057968690648791, 0.17957977344555875], "annoying": [0.5804388073936805, 0.1021308045412398, 0.17510467165233634, -0.3301742006378939, -0.8168968873432683, -0.2030789806283258, 0.2158054190212603, -0.2610116632102946, 0.6339996308459204, 0.20636140785935564], "female": [0.6029723815239836, 0.1678931853672474, 0.2252008730596755, -0.28873306487925615, -0.9146157195054562, -0.22069970363834446, 0.2238454978107193, -0.2716921472488912, 0.6634932978039562, 0.2320323110106519], "male": [0.6188443180311552, 0.17591224836567165, 0.22018040161594696, -0.3645633008007948, -0.9461854369906789, -0.13322604657914652, 0.2991505531133828, -0.3486196050483817, 0.7441098161765463, 0.19775997097206294], "queen": [0.5765894647154782, 0.13192743667861648, 0.25802327045267454, -0.32980320826986526, -0.8289942700272945, -0.192743299136876, 0.2370984325616217, -0.24203150503481524, 0.5713084097409638, 0.1429892253760586], "king": [0.5560732564209727, 0.17646154128213576, 0.283123423449548, -0.3367128855390604, -0.9461014688342687, -0.12648395065859477, 0.3061218131559217, -0.33188197122441776, 0.6792991341085511, 0.1913177348583804], "man": [0.6051631423709495, 0.17830144563644146, 0.2278462192328593, -0.2961178922019528, -0.9034636471542413, -0.14556650433904567, 0.2020259868474979, -0.26372853542419145, 0.6768741056545702, 0.2142922591761178], "woman": [0.5439297636260638, 0.10716810158149412, 0.19338139148668101, -0.3063888846272401, -0.90051154974656, -0.19854245727352382, 0.2888241976482534, -0.3169369428802767, 0.6655769452543198, 0.24864052935984074], "rain": [0.6298504912050584, 0.1230163538085278, 0.22052743188216303, -0.30417388056281786, -0.8506257387146208, -0.17339694916358048, 0.22410525920744054, -0.3446052500693223, 0.7252580609208235, 0.2424684465932567], "snow": [0.571658674146897, 0.1671575262055328, 0.2811586315804149, -0.29761757148365736, -0.9075508328669516, -0.18167262677197626, 0.2339708351704251, -0.2998148033711088, 0.759247651921254, 0.26400554094192763], "hail": [0.42533821691139195, 0.1380455378374832, 0.2117743056507608, -0.195198078379709, -0.681656708186901, -0.10307706377540066, 0.15071990173178398, -0.2165401966104437, 0.5309049787787797, 0.11659360626879126], "coffee": [0.5362156564666705, 0.18498536534428106, 0.2404451378183756, -0.2515479584853182, -0.758515627560334, -0.14980862202505735, 0.2525722902250097, -0.24267753083317817, 0.6620631212565936, 0.22504608361898631], "tea": [0.5401340524210243, 0.17011330010004377, 0.167389541887491, -0.3114928291060684, -0.7716667733777048, -0.17544733406998533, 0.2649609258706589, -0.25197352059897304, 0.6384983316665088, 0.20143552944512608]}